Datetime,Water Level (m)
2025-09-09 12:00:00,0.51976764
2025-09-09 13:00:00,0.19416925
2025-09-09 14:00:00,-0.11282783
2025-09-09 15:00:00,-0.3807527
2025-09-09 16:00:00,-0.47381443
2025-09-09 17:00:00,-0.1107167
2025-09-09 18:00:00,0.34431496
2025-09-09 19:00:00,0.933648
2025-09-09 20:00:00,1.4247797
2025-09-09 21:00:00,1.5981712
2025-09-09 22:00:00,1.3547055
2025-09-09 23:00:00,1.0007958
2025-09-10 00:00:00,0.67537326
2025-09-10 01:00:00,0.3469497
2025-09-10 02:00:00,0.024676373
2025-09-10 03:00:00,-0.2631361
2025-09-10 04:00:00,-0.43799508
2025-09-10 05:00:00,-0.13036002
2025-09-10 06:00:00,0.3076554
2025-09-10 07:00:00,0.8507039
2025-09-10 08:00:00,1.3994923
2025-09-10 09:00:00,1.64676
2025-09-10 10:00:00,1.4448206
2025-09-10 11:00:00,1.0839915
2025-09-10 12:00:00,0.7614732
2025-09-10 13:00:00,0.4370121
2025-09-10 14:00:00,0.10621743
2025-09-10 15:00:00,-0.19502077
2025-09-10 16:00:00,-0.43825594
2025-09-10 17:00:00,-0.32388362
2025-09-10 18:00:00,0.09514793
2025-09-10 19:00:00,0.61107856
2025-09-10 20:00:00,1.2256951
2025-09-10 21:00:00,1.614702
2025-09-10 22:00:00,1.6057256
2025-09-10 23:00:00,1.2509794
2025-09-11 00:00:00,0.912613
2025-09-11 01:00:00,0.59661263
2025-09-11 02:00:00,0.26972017
2025-09-11 03:00:00,-0.036899596
2025-09-11 04:00:00,-0.2982227
2025-09-11 05:00:00,-0.3445717
2025-09-11 06:00:00,0.046674326
2025-09-11 07:00:00,0.50907433
2025-09-11 08:00:00,1.0820166
2025-09-11 09:00:00,1.4924846
2025-09-11 10:00:00,1.5924646
2025-09-11 11:00:00,1.2542434
2025-09-11 12:00:00,0.9199518
2025-09-11 13:00:00,0.60801744
2025-09-11 14:00:00,0.28133637
2025-09-11 15:00:00,-0.028812839
2025-09-11 16:00:00,-0.30235794
2025-09-11 17:00:00,-0.44829547
2025-09-11 18:00:00,-0.12946944
2025-09-11 19:00:00,0.29666245
2025-09-11 20:00:00,0.81314623
2025-09-11 21:00:00,1.3618377
2025-09-11 22:00:00,1.6430132
2025-09-11 23:00:00,1.4990801
2025-09-12 00:00:00,1.1475316
2025-09-12 01:00:00,0.82602084
2025-09-12 02:00:00,0.5237878
2025-09-12 03:00:00,0.20903262
2025-09-12 04:00:00,-0.078410186
2025-09-12 05:00:00,-0.29674855
2025-09-12 06:00:00,-0.16497317
2025-09-12 07:00:00,0.23175202
2025-09-12 08:00:00,0.67351854
2025-09-12 09:00:00,1.1588526
2025-09-12 10:00:00,1.4307842
2025-09-12 11:00:00,1.3131325
2025-09-12 12:00:00,0.9862084
2025-09-12 13:00:00,0.6903908
2025-09-12 14:00:00,0.38985184
2025-09-12 15:00:00,0.08706385
2025-09-12 16:00:00,-0.18829882
2025-09-12 17:00:00,-0.4113914
2025-09-12 18:00:00,-0.37935153
2025-09-12 19:00:00,-0.019259688
2025-09-12 20:00:00,0.41133305
2025-09-12 21:00:00,0.8869331
2025-09-12 22:00:00,1.3378562
2025-09-12 23:00:00,1.4870191
2025-09-13 00:00:00,1.2244093
2025-09-13 01:00:00,0.9207943
2025-09-13 02:00:00,0.63852483
2025-09-13 03:00:00,0.34924403
2025-09-13 04:00:00,0.067063496
2025-09-13 05:00:00,-0.16928661
2025-09-13 06:00:00,-0.28074887
2025-09-13 07:00:00,-0.010788384
2025-09-13 08:00:00,0.34802538
2025-09-13 09:00:00,0.7408207
2025-09-13 10:00:00,1.0740409
2025-09-13 11:00:00,1.2595313
2025-09-13 12:00:00,1.0602683
2025-09-13 13:00:00,0.7869939
2025-09-13 14:00:00,0.51048607
2025-09-13 15:00:00,0.23084515
2025-09-13 16:00:00,-0.034247156
2025-09-13 17:00:00,-0.2651438
2025-09-13 18:00:00,-0.3991501
2025-09-13 19:00:00,-0.19650029
2025-09-13 20:00:00,0.13801023
2025-09-13 21:00:00,0.5391566
2025-09-13 22:00:00,0.9248852
2025-09-13 23:00:00,1.2386948
2025-09-14 00:00:00,1.3129405
2025-09-14 01:00:00,1.0758233
2025-09-14 02:00:00,0.81891155
2025-09-14 03:00:00,0.560159
2025-09-14 04:00:00,0.30158612
2025-09-14 05:00:00,0.05684131
2025-09-14 06:00:00,-0.13589299
2025-09-14 07:00:00,-0.1822787
2025-09-14 08:00:00,0.07325654
2025-09-14 09:00:00,0.38022608
2025-09-14 10:00:00,0.68858343
2025-09-14 11:00:00,0.92495334
2025-09-14 12:00:00,1.0029138
2025-09-14 13:00:00,0.8170739
2025-09-14 14:00:00,0.5882511
2025-09-14 15:00:00,0.35361478
2025-09-14 16:00:00,0.114859916
2025-09-14 17:00:00,-0.09957423
2025-09-14 18:00:00,-0.27121964
2025-09-14 19:00:00,-0.3095849
2025-09-14 20:00:00,-0.07750622
2025-09-14 21:00:00,0.22401237
2025-09-14 22:00:00,0.56240875
2025-09-14 23:00:00,0.87597984
2025-09-15 00:00:00,1.1068444
2025-09-15 01:00:00,1.1790242
2025-09-15 02:00:00,1.0086963
2025-09-15 03:00:00,0.79350245
2025-09-15 04:00:00,0.57163936
2025-09-15 05:00:00,0.3460273
2025-09-15 06:00:00,0.12915282
2025-09-15 07:00:00,-0.038992856
2025-09-15 08:00:00,-0.114333704
2025-09-15 09:00:00,0.035898328
2025-09-15 10:00:00,0.27328578
2025-09-15 11:00:00,0.52012724
2025-09-15 12:00:00,0.7076763
